{"count":1,"self":15.1216352,"total":15.452833199999999,"children":{"InitializeActuators":{"count":32,"self":0.0010008,"total":0.0010008,"children":null},"InitializeSensors":{"count":32,"self":0.012001099999999999,"total":0.012001099999999999,"children":null},"AgentSendState":{"count":541,"self":0.0839381,"total":0.1029392,"children":{"CollectObservations":{"count":3488,"self":0.0010002,"total":0.0010002,"children":null},"WriteActionMask":{"count":3488,"self":0.0010003,"total":0.0010003,"children":null},"RequestDecision":{"count":3488,"self":0.017000599999999998,"total":0.017000599999999998,"children":null}}},"DecideAction":{"count":541,"self":0.1734038,"total":0.17840419999999999,"children":{"RayPerceptionSensor.Perceive":{"count":6976,"self":0.0050003999999999995,"total":0.0050003999999999995,"children":null}}},"AgentAct":{"count":541,"self":0.0358522,"total":0.0358522,"children":null}},"gauges":{"PushBlock.CumulativeReward":{"count":192,"max":4.9948,"min":4.9482,"runningAverage":4.98390961,"value":4.9758,"weightedAverage":4.983159}},"metadata":{"timer_format_version":"0.1.0","start_time_seconds":"1685388763","unity_version":"2021.3.15f1","command_line_arguments":"F:\\Vesiones unity\\2021.3.15f1\\Editor\\Unity.exe -projectPath C:\\Proyectos\\shooterIA","communication_protocol_version":"1.5.0","com.unity.ml-agents_version":"2.2.1-exp.1","scene_name":"PushBlock","end_time_seconds":"1685388778"}}